move,көшу
like,сияқты
night,түн
alive,тірі
point,нүкте
believe,сену
hold,ұстау
today,бүгін
bring,әкелу
happen,орын алу
next,келесі
before,бұрын
large,үлкен
all,барлық
must,керек
home,үй
under,астында
water,су
room,бөлме
write,жазу
mother,ана
area,аудан
national,ұлттық
money,ақша
story,оқиға
young,жас
fact,факт
month,ай
different,әр-түрлі
lot,көп
right,оң
study,оқу
book,кітап
eye,көз
job,жұмыс
word,сөз
though,бірақ
business,бизнес
issue,іс
side,тарап
kind,мейірімді
four,төрт
head,бас
far,алыс
black,қара
long,ұзақ
both,екеуі де
little,кішкентай
house,үй
after,кейін
since,содан бері
long,ұзақ
provide,қамтамасыз ету
service,қызмет
around,айналасында
friend,дос
important,маңызды
father,әке
sit,отыру
away,аулақ
until,дейін
power,күш
hour,сағат
game,ойын
often,жиі
yet,тағы
line,түзу
political,саяси
end,cоңы
among,арасында
stand,тұру
bad,жаман
lose,жоғалту
however,дегенмен
member,мүше
pay,төлеу
law,заң
meet,кездестіру
car,машина
city,қала
almost,дерлік
include,қамту
continue,жалғастыру
set,орнату
later,кейінірек
community,қауым
much,өте
name,ат
five,бес
once,бір рет
white,ақ
least,аз дегенде
learn,үйрену
real,шын
change,өзгеріс
team,команда
best,ең жақсы
several,бірнеше
kid,бала
body,дене
information,ақпарат
nothing,ештеңе
ago,бұрын
right,оң
lead,қорғасын
social,қоғамдық
understand,түсіну
back,артқа
watch,сағат
together,бірге
around,айналасында
parent,ата-ана
only,тек
stop,тоқта
face,бет
anything,бірдеме
create,жасау
already,қазірдің өзінде
speak,сөйлеу
others,басқалар
read,оқу
level,деңгей
allow,рұқсат ету
add,қосу
spend,жұмсау
door,есік
health,денсаулық
person,адам
art,өнер
sure,әрине
such,сондай
war,соғыс
history,тарих
within,ішінде
grow,өсу
result,нәтиже
open,ашық
change,өзгеріс
morning,таң
walk,жүру
reason,себеп
low,төмен
win,жеңу
research,зерттеу
girl,қыз бала
guy,жігіт
early,ерте
food,тамақ
before,бұрын
moment,сәт
himself,өзі
air,ауа
teacher,мұғалім
force,күш
offer,ұсыну
enough,жеткілікті
both,екеуі де
education,білім
across,арқылы
although,дегенмен
remember,есте сақтау
foot,аяқ
boy,ұл
maybe,мүмкін
toward,қарай
able,қабілетті
age,жас
policy,саясат
everything,барлық
love,махаббат
process,процесс
including,оның ішінде
consider,қарау
appear,пайда болу
actually,шынында
buy,сатып алу
probably,ықтимал
human,адам
wait,күту
serve,қызмет ету
market,базар
die,өлу
send,жіберу
expect,күту
home,үй
sense,сезім
build,салу
stay,қалу
fall,құлау
nation,ұлт
plan,жоспар
cut,кесу
college,колледж
interest,қызығушылық
death,өлім
course,курс
someone,біреу
experience,тәжірибе
behind,артында
reach,жету
local,жергілікті
kill,өлтіру
remain,қалу
effect,әсер
use,пайдалану
suggest,ұсыну
class,сынып
control,бақылау
raise,көтеру
care,қамқорлық жасау
perhaps,мүмкін
little,кішкентай
late,кеш
hard,қиын
field,өріс
else,тағы
pass,өту
former,бұрынғы
sell,сату
sometimes,кейде
require,талап ету
along,бойымен
development,даму
themselves,өздері
report,есеп
better,жақсырақ
economic,экономикалық
effort,күш салу
up,жоғары
decide,шешу
strong,күшті
possible,мүмкін
heart,жүрек
drug,есірткі
show,көрсету
leader,көшбасшы
light,жарық
voice,дауыс
wife,әйел
whole,бүтін
police,полиция
finally,соңында
pull,тарту
return,қайтару
free,тегін
military,әскери
price,баға
report,есеп
less,аздау
according,сәйкес
decision,шешім
explain,түсіндіру
son,ұл
hope,үміт
even,тіпті
develop,даму
view,көрініс
relationship,байланыс
carry,тасу
town,қала
road,жол
drive,диск
arm,қол
true,шынайы
break,үзіліс
better,жақсырақ
difference,айырма
thank,алғыс айту
receive,алу
value,құн
international,халықаралық
building,ғимарат
action,іс-шара
full,толық
model,модел
join,қосылу
season,маусым
society,қоғам
because,себебі
tax,салық
early,ерте
player,ойыншы
agree,келісу
especially,әсіресе
record,рекорд
pick,таңдау
wear,кию
paper,қағаз
special,арнайы
space,ғарыш
ground,жер
form,форма
support,қолдау
event,оқиға
official,ресми
whose,кімнің
matter,мәселе
everyone,әркім
center,орта
couple,жұп
site,сайт
end,cоңы
project,жоба
base,негіз
activity,қызмет
star,жұлдыз
table,үстел
need,мұқтаждық
court,сот
produce,өндіру
eat,жеу
teach,үйрету
oil,мұнай
half,жарты
situation,жағдай
easy,оңай
cost,құны
industry,өнеркәсіп
figure,сан
face,бет
street,көше
image,бейне
itself,өзі
phone,телефон
either,немесе
data,мәліметтер
cover,қаптау
picture,сурет
clear,айқын
practice,практика
land,жер
recently,жуырда
describe,сипаттау
product,өнім
doctor,дәрігер
wall,қабырға
patient,пациент
worker,жұмысшы
news,жаңалықтар
test,сынақ
movie,фильм
certain,белгілі
north,солтүстік
love,махаббат
personal,жеке
open,ашық
support,қолдау
simply,жай
catch,ұстап алу
step,қадам
baby,нәресте
type,түрі
attention,назар
draw,сурет салу
tree,ағаш
source,қайнар көз
nearly,дерлік
organization,ұйым
choose,таңдау
cause,себеп
hair,шаш
look,қарау
point,нүкте
century,ғасыр
window,терезе
difficult,қиын
listen,тыңдау
soon,тез
culture,мәдениет
chance,кездейсоқтық
brother,аға
period,кезең
course,курс
summer,жаз
less,аздау
realize,түсіну
hundred,жүз
available,қол жетімді
likely,мүмкін
opportunity,мүмкіндік
short,қысқа
letter,хат
condition,жағдай
choice,таңдау
place,орын
rule,ереже
daughter,қыз
administration,басқарма
south,оңтүстік
husband,күйеу
floor,еден
population,халық
well,жақсы
call,шақыру
economy,экономика
hospital,аурухана
church,шіркеу
close,жабық
thousand,мың
risk,тәуекел
fire,от
future,келешек
wrong,қате
defense,қорғаныш
anyone,кез келген
increase,арттыру
security,қауіпсіздік
myself,өзім
certainly,әрине
west,батыс
board,тақта
seek,іздеу
subject,пән
private,жеке
rest,демалыс
behavior,мінез-құлық
deal,мәміле
fight,төбелес
throw,лақтыру
quickly,тез
past,өткен
goal,мақсат
bed,төсек
order,бұйрық
fill,толтыру
foreign,шетел
drop,тастау
plan,жоспар
blood,қан
upon,үстінде
agency,агенттік
push,басу
nature,табиғат
color,түс
recently,жуырда
store,қойма
reduce,азайту
sound,дыбыс
note,ескерту
fine,айыппұл
before,бұрын
near,жақын
movement,қозғалыс
page,бет
enter,кіру
share,үлес
than,қарағанда
common,ортақ
poor,кедей
other,басқа
natural,табиғи
race,нәсіл
concern,қамқорлық
series,серия
significant,маңызды
similar,ұқсас
hot,ыстық
language,тіл
each,әрбір
usually,әдетте
response,жауап
dead,өлі
rise,көтерілу
animal,жануар
factor,фактор
decade,он жылдық
article,мақала
shoot,ату
east,шығыс
save,құтқару
artist,әртіс
away,аулақ
scene,сахна
stock,қор
career,мансап
despite,қарамастан
central,орталық
eight,сегіз
thus,осылайша
treatment,емдеу
beyond,ар жағында
happy,бақытты
exactly,дәл
protect,қорғау
approach,жақындау
lie,өтірік
size,мөлшер
dog,ит
fund,қор
serious,байыпты
occur,орын алу
ready,дайын
sign,белгі
thought,ой
list,тізім
individual,жеке
simple,қарапайым
quality,сапа
pressure,қысым
accept,қабылдау
answer,жауап
hard,қиын
resource,ресурс
identify,анықтау
left,сол
meeting,кездесу
determine,анықтау
prepare,әзірлеу
disease,ауру
whatever,бәрі бір
success,жетістік
argue,дауласу
cup,кесе
particularly,ерекше
ability,қабілет
staff,қызметкерлер
recognize,тану
indicate,көрсету
character,кейіпкер
growth,өсу
loss,жоғалту
degree,градус
wonder,керемет
attack,шабуыл
herself,өзі
region,аймақ
television,теледидар
box,қорап
training,оқыту
pretty,әдемі
trade,сауда
election,сайлау
everybody,әркім
physical,физикалық
lay,қою
general,жалпы
feeling,сезім
standard,стандартты
bill,шот
message,хабар
fail,сәтсіздік
outside,сыртында
arrive,келу
analysis,талдау
benefit,пайда
sex,жыныс
forward,алға
lawyer,заңгер
present,қазіргі
section,бөлім
environmental,экологиялық
glass,шыны
answer,жауап
skill,дағды
sister,қарындас
financial,қаржылық
crime,қылмыс
stage,кезеңі
compare,салыстыру
miss,сағыну
design,жобалау
sort,сорт
one,бір
act,акт
knowledge,білім
gun,мылтық
station,станция
blue,көк
state,мемлекет
strategy,стратегия
little,кішкентай
clearly,анық
discuss,талқылау
indeed,шынында
force,күш
truth,шындық
song,өлең
example,мысал
check,тексеру
environment,қоршаған орта
leg,аяқ
dark,қараңғы
various,түрлі
laugh,күлкі
guess,жорамал
executive,атқарушы
study,оқу
prove,дәлелдеу
hang,ілу
design,жобалау
enough,жеткілікті
forget,ұмыту
claim,талап
remove,кетіру
manager,басқарушы
help,көмектесу
close,жабық
sound,дыбыс
enjoy,рахаттану
network,желі
legal,заңды
religious,діни
cold,суық
form,форма
final,соңғы
main,басты
science,ғылым
memory,жад
card,кәртішке
above,жоғарыда
seat,орын
cell,клетка
establish,орнату
nice,жақсы
expert,сарапшы
that,сол
spring,көктем
firm,қатты
visit,бару
management,басқару
care,қамқорлық
avoid,болдырмау
imagine,елестету
tonight,бугін кешке
huge,үлкен
ball,доп
close,жабық
finish,мәре
yourself,өзін
talk,әңгіме
theory,теория
impact,әсер
respond,жауап беру
statement,мәлімдеме
maintain,ұстау
charge,төлем
popular,әйгілі
traditional,дәстүрлі
onto,үстіне
reveal,ашу
direction,бағыт
weapon,қару
employee,қызметкер
cultural,мәдениетті
peace,бейбітшілік
head,бас
control,бақылау
base,негіз
pain,ауру
apply,қолдану
play,ойын
measure,өлшеу
wide,кең
shake,селкілдеу
fly,шыбын
interview,сұхбат
manage,басқару
chair,кафедра
fish,балық
particular,ерекше
structure,құрылым
politics,саясат
perform,орындау
bit,биттік
weight,салмақ
suddenly,кенеттен
discover,ашу
candidate,кандидат
production,өнім
treat,сүйсіну
trip,сапар
evening,кеш
affect,әсер
inside,ішінде
conference,конференция
unit,бірлік
best,ең жақсы
style,стиль
adult,ересек
range,диапазон
mention,еске алу
rather,тезірек
far,алыс
deep,терең
past,өткен
specific,ерекше
writer,жазушы
trouble,қиыншылық
necessary,қажет
challenge,жарыс
fear,қорқыныш
shoulder,иық
institution,институт
middle,орта
sea,теңіз
dream,арман
beautiful,әдемі
property,меншік
instead,орнына
improve,жетілдіру
stuff,материал
detail,деталь
method,әдіс
sign,белгі
somebody,біреу
magazine,журнал
hotel,мейманхана
soldier,солдат
reflect,көрсетуі
heavy,ауыр
sexual,жыныстық
bag,сумка
heat,ыстық
fall,құлау
marriage,неке
tough,қиын
sing,ән салу
surface,беті
purpose,мақсат
pattern,үлгі
whom,кімге
skin,тері
owner,ие
down,төмен
ahead,алда
generation,ұрпақ
commercial,коммерциялық
address,мекен-жай
cancer,қатерлі ісік
test,сынақ
reality,шындық
coach,жаттықтырушы
step,қадам
yard,аула
violence,зорлық-зомбылық
total,жалпы
tend,бейім
discussion,талқылау
finger,саусақ
garden,бақ
notice,ескерту
modern,қазіргі заманғы
task,тапсырма
partner,серіктес
positive,жағымды
civil,азаматтық
kitchen,ас үй
shot,ату
budget,бюджет
wish,тілек
painting,сурет
scientist,ғалым
safe,қауіпсіз
agreement,келісім
capital,капитал
mouth,ауыз
victim,құрбан
newspaper,газет
instead,орнына
threat,қауіп-қатер
responsibility,жауапкершілік
smile,күлімсіреу
account,шот
interesting,қызықты
break,үзіліс
rich,бай
dinner,түскі ас
figure,сан
vote,дауыс
western,батыс
relate,қатысты
travel,туристік
debate,жарыссөз
prevent,болдырмау
citizen,азамат
majority,көпшілік
none,бірде-бір
front,алдыңғы
born,туған
admit,мойындау
senior,үлкен
wind,жел
key,кілт
professional,кәсіби
mission,миссия
fast,жылдам
alone,тек
customer,сатып алушы
suffer,азап шегу
speech,сөйлеу
successful,табысты
option,таңдау
participant,қатысушы
southern,оңтүстік
fresh,жаңа
eventually,ақырында
forest,орман
video,бейне
global,ғаламдық
reform,реформа
access,қол
restaurant,мейрамхана
judge,сот
publish,жариялау
cost,құны
relation,қатынасы
like,сияқты
release,босату
own,өз
bird,құс
opinion,пікір
credit,несие
corner,бұрыш
concerned,мүдделі
recall,еске түсіру
version,нұсқа
stare,қадалу
safety,қауіпсіздік
effective,әсерлі
neighborhood,көршілестік
original,түпнұсқа
troop,отряд
income,табыс
directly,тікелей
hurt,ауыру
species,түрлері
immediately,дереу
track,жол
basic,негізгі
strike,ереуіл
hope,үміт
sky,аспан
freedom,бостандық
absolutely,мүлде
plane,ұшақ
nobody,ешкім
achieve,мақсатқа жету
object,зат
attitude,көзқарас
labor,еңбек
concept,түсінік
client,клиент
powerful,күшті
perfect,өте жақсы
therefore,сондықтан
examine,тексеру
touch,жанасу
please,өтінемін
attend,қатысу
completely,түгел
vote,дауыс
sleep,ұйықтау
turn,бұрылу
investigation,зерттеу
nuclear,ядролық
researcher,зерттеуші
press,баспасөз
conflict,қақтығыс
spirit,рух
experience,тәжірибе
replace,ауыстыру
encourage,жігерлендіру
argument,дәлел
once,бір рет
camp,лагерь
brain,ми
feature,ерекшелік
afternoon,түс
weekend,демалыс күндері
insurance,сақтандыру
department,бөлім
battle,шайқас
beginning,басы
date,дата
generally,әдетте
very,өте
sorry,кешіріңіз
crisis,дағдарыс
complete,аяқталған
fan,желдеткіш
stick,таяқ
define,анықтау
easily,оңай
through,арқылы
hole,тесік
element,элемент
vision,көру
status,мәртебе
normal,қалыпты
ship,кеме
solution,шешім
stone,тас
slowly,баяу
scale,ауқымды
bit,биттік
university,университет
introduce,таныстыру
driver,жүргізуші
attempt,әрекет
park,парк
spot,дақ
lack,болмауы
ice,мұз
boat,қайық
drink,сусын
sun,күн
front,алдыңғы
distance,қашықтық
wood,орман
handle,тұтқа
truck,жүк
return,қайтару
mountain,тау
supposed,көзделіп
tradition,дәстүр
winter,қыс
village,ауыл
refuse,бас тарту
sale,сату
roll,орам
communication,қарым-қатынас
run,жүгіру
screen,экран
gain,пайда
resident,тұрғын
hide,жасыру
gold,алтын
club,клуб
future,келешек
farm,ферма
potential,әлеует
increase,арттыру
middle,орта
independent,тәуелсіз
district,аудан
shape,кескін
reader,оқырман
contract,шарт
crowd,тобыр
express,білдіру
apartment,пәтер
willing,әзір
strength,күш
previous,алдыңғы
band,топ
obviously,анық
horse,жылқы
interested,мүдделі
target,нысана
prison,түрме
ride,жүру
guard,күзетші
terms,терминдер
demand,талап
deliver,жеткізу
text,мәтін
share,үлес
tool,аспап
wild,жабайы
vehicle,көлік құралы
observe,байқау
flight,ұшу
inside,ішінде
average,орташа
emerge,пайда болу
advantage,басымдық
quick,жылдам
light,жарық
leadership,көшбасшылық
earn,ақша табу
pound,қадақ
basis,негіз
bright,ашық
operate,басқару
guest,қонақ
sample,үлгі
contribute,жәрдемдесу
tiny,кішкентай
block,блок
protection,қорғаныс
settle,орналасу
feed,жем
collect,жинау
additional,қосымша
while,уақытында
highly,жоғары
title,тақырып
mostly,көбінесе
lesson,сабақ
faith,сенім
river,өзен
promote,ықпал ету
living,тұрғын
present,қазіргі
count,санау
unless,егер
marry,тұрмысқа шығу
tomorrow,ертең
technique,техника
path,жол
ear,құлақ
shop,дүкен
folk,халық
order,бұйрық
principle,қағида
survive,аман қалу
lift,көтеру
border,шекара
competition,жарыс
jump,секіру
gather,жинау
limit,шектеу
fit,қиыстыру
claim,талап
cry,айқайлау
equipment,жабдық
worth,құны
associate,әріптес
critic,сыншы
warm,жылы
result,нәтиже
insist,талап ету
failure,сәтсіздік
annual,жылдық
comment,пікір
responsible,жауапты
affair,іс
approach,жақындау
until,дейін
procedure,рәсім
regular,жүйелі
spread,тарату
chairman,төраға
soft,жұмсақ
ignore,ескермеу
egg,жұмыртқа
measure,өлшеу
belief,сенім
demonstrate,көрсету
anybody,біреу
murder,өлтіру
gift,сыйлық
religion,дін
review,шолу
editor,редактор
past,өткен
engage,айналасу
coffee,кофе
document,құжат
speed,жылдамдық
cross,крест
influence,әсер ету
anyway,бәрібір
threaten,қорқыту
female,әйел
youth,жастар
wave,толқын
move,көшу
afraid,қорқады
quarter,ширек
native,туған
broad,кең
wonderful,тамаша
deny,мойындамау
apparently,шамасы
slightly,сәл
reaction,реакция
twice,екі рет
suit,костюм
growing,өсіп келе жатқан
blow,үрлеу
construction,құрылыс
kind,мейірімді
intelligence,ақыл
destroy,қирату
connection,байланыс
charge,төлем
burn,күйік
shoe,туфли
view,көрініс
grade,сынып
context,контекст
mistake,қателік
smile,күлімсіреу
location,орналасқан жері
clothes,киім
quiet,тыныш
dress,көйлек
promise,уәде
aware,хабардар
neighbor,көрші
complete,аяқталған
drive,диск
function,функция
bone,сүйек
active,белсенді
extend,ұзарту
chief,бас
average,орташа
combine,біріктіру
wine,шарап
below,төменде
cool,салқын
mean,білдіру
demand,талап
hell,тозақ
dangerous,қауіпті
remind,еске салу
moral,моральдық
united,біріккен
category,санат
relatively,біршама
victory,жеңіс
key,кілт
academic,академиялық
visit,бару
Internet,ғаламтор
healthy,сау
fire,от
negative,жағымсыз
following,келесі
historical,тарихи
medicine,дәрі
tour,саяхат
depend,меншікті болу
grab,шап беру
direct,тура
contact,байланыс
justice,әділдік
participate,қатысу
daily,күн сайын
fair,әділ
pair,жұп
famous,атақты
exercise,жаттығу
knee,тізе
flower,гүл
tape,таспа
hire,жалдау
familiar,таныс
appropriate,қолайлы
supply,жабдықтау
fully,толық
cut,кесу
will,ерік
actor,актер
birth,туу
search,іздеу
tie,галстук
democracy,демократия
eastern,шығыс
primary,негізгі
yesterday,кеше
circle,шеңбер
device,құрал
progress,прогресс
front,алдыңғы
bottom,түп
island,арал
exchange,айырбастау
clean,таза
train,поезд
lady,ханым
colleague,әріптес
application,қолдану
neck,мойын
lean,сүйену
damage,залал
plastic,пластмасса
tall,ұзын бойлы
plate,табақша
hate,жек көру
otherwise,әйтпесе
writing,жазу
press,баспасөз
male,ер
start,бастау
alive,тірі
expression,білдіру
intention,ниет
attack,шабуыл
chicken,тауық
theater,театр
shut,жабу
map,карта
extra,қосымша
session,сессия
danger,қауіп
domestic,ішкі
literature,әдебиет
rain,жаңбыр
desire,тілек
assessment,баға
injury,жара
respect,құрмет
northern,солтүстік
nod,бас изеу
paint,бояу
fuel,отын
leaf,жапырақ
direct,тура
dry,құрғақ
instruction,нұсқау
fight,төбелес
pool,бассейн
climb,өрмелеу
sweet,тәтті
engine,қозғалтқыш
salt,тұз
expand,кеңейту
importance,маңыздылық
metal,металл
fat,май
ticket,билет
software,бағдарламалық қамтамасыз ету
disappear,жоғалып
corporate,корпоративтік
strange,оғаш
lip,ерін
reading,оқу
urban,қалалық
mental,ақыл-ой
increasingly,барған сайын
lunch,түскі ас
educational,білім беру
somewhere,бір жерде
farmer,фермер
above,жоғарыда
sugar,қант
planet,планета
favorite,сүйікті
explore,зерттеу
obtain,алу
enemy,жау
greatest,ең
complex,күрделі
surround,қоршау
athlete,спортшы
invite,шақыру
repeat,қайталау
carefully,мұқият
soul,жан
scientific,ғылыми
impossible,мүмкін емес
panel,панел
meaning,мағына
mom,ана
married,үйленген
alone,тек
instrument,аспап
predict,болжау
weather,ауа райы
presidential,президенттік
emotional,эмоционалдық
commitment,міндеттеме
supreme,жоғарғы
bear,аю
pocket,қалта
thin,жұқа
temperature,температура
surprise,тосын
poll,сұрау
proposal,ұсыныс
consequence,салдар
half,жарты
breath,тыныс
sight,көру
cover,қақпақ
balance,баланс
adopt,қабылдау
minority,азшылық
straight,түзу
attempt,әрекет
connect,қосылу
works,жұмыстар
teaching,оқу-әдістемелік
belong,тиесілі
aid,көмек
advice,кеңес
photograph,фотосурет
empty,бос
regional,аймақтық
trail,соқпақ
novel,роман
code,код
somehow,қалай да
organize,ұйымдастыру
jury,әділ қазылар алқасы
breast,төс
human,адам
acknowledge,растау
theme,тақырып
storm,дауыл
union,одақ
record,рекорд
desk,жазу үстелі
fear,қорқыныш
fruit,жеміс
under,астында
expensive,қымбат
yellow,сары
conclusion,қорытынды
shadow,көлеңке
struggle,күрес
conclude,қорыту
analyst,талдаушы
dance,би
limit,шектеу
like,сияқты
regulation,реттеу
being,болып табылатын
last,соңғы
ring,жүзік
largely,негізінен
shift,ауысым
revenue,табыс
mark,белг
appearance,келбеті
package,пакет
difficulty,қиындық
bridge,көпір
recommend,ұсыну
obvious,анық
train,поезд
basically,негізінде
e-mail,электрондық пошта
generate,жасау
anymore,енді
propose,ұсыну
thinking,ойлау
possibly,мүмкін
trend,үрдіс
visitor,келуші
loan,қарыз
currently,қазіргі уақытта
comfortable,қолайлы
but,бірақ
profit,пайда
angry,ашулы
crew,экипаж
deep,терең
male,ер
meal,тамақ
hearing,есту
traffic,қозғалыс
muscle,бұлшық
notion,ұғым
capture,ұстау
prefer,ұнату
truly,шын мәнінде
earth,жер
chest,кеуде
search,іздеу
thick,қалың
cash,ақша
museum,мұражай
beauty,сұлулық
emergency,төтенше жағдай
unique,бірегей
feature,ерекшелік
internal,ішкі
ethnic,этникалық
link,байланыс
stress,стресс
content,мазмұны
select,таңдау
root,түбір
nose,мұрын
declare,жариялау
outside,сыртында
appreciate,бағалау
actual,нақты
hardly,әрең
setting,параметр
launch,ұшыру
dress,көйлек
file,файл
sick,ауру
outcome,нәтиже
ad,жарнама
defend,қорғау
matter,мәселе
judge,сот
duty,баж
sheet,парақ
ought,тиіс
ensure,қамтамасыз ету
extremely,төтенше
extent,дәреже
component,құрамдас
mix,араластыру
long-term,ұзақ мерзімді
slow,баяу
contrast,қарама-қарсылық
zone,аймақ
wake,ояту
challenge,шақыру
airport,әуежай
chief,бас
shirt,көйлек
pilot,ұшқыш
warn,ескерту
cat,мысық
contribution,үлес
capacity,сыйымдылық
ourselves,өзіміз
estate,мүлік
guide,гид
circumstance,жағдай
snow,қар
politician,саясаткер
steal,ұрлау
pursue,қуғындау
slip,таю
percentage,пайыз
meat,ет
funny,күлкілі
soil,топырақ
influence,әсер ету
surgery,хирургия
correct,дұрыс
blame,кінә
estimate,бағалау
late,кеш
investigate,зерттеу
crazy,есі ауысқан
significantly,айтарлықтай
chain,шынжыр
address,мекен-жай
branch,филиал
combination,комбинация
just,әділ
frequently,жиі
governor,губернатор
relief,көмек
user,пайдаланушы
dad,әке
kick,тебу
part,бөлім
manner,тәртібі
ancient,ежелгі
silence,тыныштық
rating,рейтингі
golden,алтын
motion,қозғалыс
gender,жыныс
solve,шешу
fee,төлем
landscape,ландшафт
used,пайдаланылған
bowl,тостаған
equal,тең
long,ұзақ
official,ресми
forth,төртінші
frame,рама
typical,типтік
except,қоспағанда
conservative,консервативті
eliminate,жою
hall,зал
trust,сенім
ocean,мұхит
row,қатар
producer,өндіруші
afford,мүмкіндік
meanwhile,Сонымен қатар
regime,режим
division,бөлу
confirm,растау
fix,бекіту
appeal,арыз беру
mirror,айна
tooth,тіс
length,ұзындық
entirely,толық
rely,сену
topic,тақырып
complain,наразылық білдіру
issue,іс
variable,құбылмалы
back,артқа
range,диапазон
telephone,телефон
perception,қабылдау
attract,тарту
confidence,сенім
bedroom,ұйықтайтын бөлме
secret,құпия
debt,қарыз
rare,сирек
his,оның
tank,танк
nurse,медбике
coverage,қамту
opposition,оппозиция
aside,шетке
anywhere,кез келген жерде
file,файл
pleasure,рахат
master,мастер
era,дәуірі
requirement,талап
check,тексеру
stand,тұру
fun,ермек
expectation,күту
wing,қанат
separate,жеке
now,қазір
clear,айқын
struggle,күрес
mean,білдіреді
somewhat,біраз
pour,құю
stir,араластыру
judgment,шешім
clean,таза
except,қоспағанда
beer,сыра
tear,жыртылу
doubt,күмән
seriously,шындап
totally,тұтас
hero,батыр
industrial,индустриялық
cloud,бұлт
stretch,созу
winner,жеңімпаз
volume,көлем
travel,туристік
seed,тұқым
surprised,таң
rest,демалыс
fashion,сән
pepper,бұрыш
separate,жеке
busy,бос емес
intervention,араласу
copy,көшірме
tip,кеңес
below,төменде
cheap,арзан
aim,мақсат
welfare,әлеуметтік қамтамасыз ету
vegetable,көкөніс
gray,сұр
dish,табақ
beach,жағажай
improvement,жетілдіру
everywhere,барлық жерде
opening,ашылу
overall,жалпы
divide,бөлу
initial,бастапқы
terrible,қорқынышты
oppose,қарсыласу
contemporary,заманауи
route,бағыт
multiple,бірнеше
essential,қажетті
question,сұрақ
league,лигасы
criminal,қылмыскер
careful,сақ
core,өзек
upper,жоғарғы
rush,асығу
necessarily,міндетті
specifically,арнайы
tired,шаршаған
rise,көтерілу
tie,галстук
employ,жұмысқа тұру
holiday,мереке
dance,би
vast,зор
resolution,қаулы
household,отбасы
fewer,аз
abortion,түсік
apart,бөлек
witness,куәгер
match,матч
barely,әрең
sector,сектор
representative,өкіл
lack,болмауы
beneath,астында
beside,жанында
black,қара
incident,оқиға
limited,шектеулі
proud,тәкаппар
flow,ағын
faculty,факультет
increased,өсті
waste,жарату
merely,ғана
mass,масса
definitely,айқын
bomb,бомба
enormous,орасан үлкен
tone,үн
liberal,либерал
massive,көлемді
wheel,дөңгелек
female,әйел
decline,құлдырау
invest,инвестиция
promise,уәде
expose,ұшырату
rural,ауылдық
narrow,тар
cream,кілегей
secretary,хатшы
gate,Қақпа
solid,қатты
hill,төбе
typically,әдетте
noise,шу
grass,шөп
unfortunately,өкінішке орай
legislation,заң шығару
succeed,табысқа
either,немесе
celebrate,тойлау
achievement,жетістік
fishing,балық аулау
drink,сусын
accuse,айыптау
hand,қол
useful,пайдалы
land,жер
secret,құпия
reject,қабылдамау
talent,талант
taste,дәм
characteristic,тән
milk,сүт
escape,қашу
cast,құю
sentence,сөйлем
unusual,әдеттен тыс
closely,тығыз
convince,сендіру
height,биіктік
physician,дәрігер
sleep,ұйықтау
plenty,көп
ride,жүру
virtually,іс жүзінде
first,бірінші
addition,қосу
sharp,өткір
lower,төменгі
behind,артында
approve,мақұлдау
explanation,түсіндіру
outside,сыртында
campus,университет қалашығы
proper,дұрыс
live,тірі
guilty,кінәлі
living,тұрғын
acquire,сатып алу
compete,жарысу
technical,техникалық
plus,плюс
mind,ақыл
potential,әлеует
immigrant,оралман
weak,әлсіз
illegal,заңсыз
alternative,балама
interaction,өзара іс-қимыл
column,колонна
personality,жеке адам
signal,сигнал
curriculum,оқу жоспары
list,тізім
honor,ар
passenger,жолаушы
assistance,көмек
forever,мәңгі
fun,ермек
regard,қатысты
association,қауымдастық
knock,қағу
review,шолу
wrap,орау
lab,зертханалық
offer,ұсыну
display,көрсету
criticism,сын
asset,актив
depression,депрессия
spiritual,рухани
musical,музыкалық
journalist,журналист
prayer,дұға
suspect,күдікті
scholar,ғалым
warning,ескерту
climate,климат
cheese,ірімшік
observation,қадағалау
childhood,балалық шақ
payment,төлем
sir,мырза
permit,рұқсат ету
cigarette,сигарета
definition,анықтама
priority,басымдық
bread,нан
creation,жаратылыс
graduate,түлек
request,өтініш
emotion,эмоция
scream,айқай
dramatic,драмалық
universe,ғалам
gap,кемістік
excellent,тамаша
deeply,терең
prosecutor,айыптаушы
mark,белгі
green,жасыл
lucky,бақытты
drag,сүйреу
airline,әуе
library,кітапхана
agenda,күн тәртібі
recover,қайтару
factory,фабрика
selection,таңдау
primarily,алдымен
roof,шатыр
unable,қабілетсіз
expense,шығын
initiative,бастама
diet,диета
arrest,тұтқындау
funding,қаржыландыру
therapy,терапия
wash,жуу
schedule,кесте
sad,қайғылы
brief,қысқаша
housing,тұрғын үй
post,кейінгі
purchase,сатып алу
existing,қолданыстағы
dark,қараңғы
steel,болат
regarding,жайында
shout,айқайлау
remaining,қалған
visual,көру
fairly,жеткілікті
chip,сынық
violent,зорлық-зомбылық
silent,тыныш
suppose,болжау
self,өзін-өзі
bike,велосипед
tea,шай
perceive,сезіну
comparison,салыстыру
settlement,төлеу
layer,қабат
planning,жоспарлау
far,алыс
description,сипаттама
later,кейінірек
slow,баяу
slide,сырғанау
widely,кеңінен
wedding,үйлену той
inform,хабарлау
portion,сыбаға
territory,аумақ
immediate,тез
opponent,қарсылас
abandon,бас тарту
link,байланыс
mass,масса
lake,көл
transform,түрлендіру
tension,шиеленіс
display,көрсету
leading,жетекші
bother,мазалау
consist,тұрады
alcohol,алкоголь
enable,мүмкіндік
bend,ию
saving,үнемдеу
desert,шөл
shall,міндетті
error,қателік
release,босату
double,қос
walk,жүру
sand,құм
rule,ереже
print,басу
preserve,сақтау
passage,өту
formal,ресми
transition,көшу
existence,тіршілік
participation,қатысу
arrange,орналастыру
joint,буын
reply,жауап
cycle,цикл
opposite,қарама-қарсы
lock,құлыптау
whole,бүтін
deserve,лайық
consistent,жүйелі
resistance,қарсыласу
discovery,жаңалық
tear,жыртылу
exposure,әшкерелеу
pose,қалып
stream,ағыны
sale,сату
trust,сенім
benefit,пайда
pot,құмыра
mine,менікі
coalition,одақ
tale,әңгіме
knife,пышақ
resolve,шешу
racial,нәсілдік
phase,фаза
present,қазіргі
joke,әзіл-қалжың
coat,пальто
symptom,белгі
contact,байланыс
manufacturer,өндіруші
philosophy,философия
potato,ақтүйнек
interview,сұхбат
foundation,іргетас
quote,цитата
online,желіде
pass,өту
negotiation,келіссөз
good,жақсы
urge,көндіру
occasion,себеп
dust,шаң
breathe,тыныс
elect,сайлау
investigator,тергеуші
jacket,пиджак
glad,қуанышты
ordinary,әдеттегі
reduction,азаю
rarely,сирек
shift,ауысым
pack,орау
suicide,өзіне өзі қол жұмсау
numerous,көптеген
touch,жанасу
substance,зат
discipline,пән
elsewhere,басқа жерде
iron,темір
practical,іс жүзінде
moreover,сонымен қатар
passion,құмарлық
volunteer,волонтер
implement,орындау
enforcement,қорғау
sauce,тұздық
independence,тәуелсіздік
marketing,маркетинг
priest,дін қызметкері
amazing,тамаша
intense,күшті
advance,аванстық
employee,қызметкер
shock,шок
inspire,шабыттандыру
adjust,бейімделу
sure,әрине
visible,көрінетін
kiss,сүйіс
illness,ауру
cap,қақпақ
habit,әдет
competitive,бәсекеге қабілетті
juice,шырын
involvement,тарту
dominate,басым
previously,бұрын
transfer,ауыстыру
analyze,талдау
another,басқа
attach,тіркеу
for,үшін
Indian,Үнді
disaster,апат
parking,көлік тұрағы
prospect,перспектива
boss,бастық
complaint,шағым
championship,чемпионат
coach,жаттықтырушы
exercise,жаттығу
fundamental,негізгі
severe,қатаң
enhance,арттыру
mystery,құпия
poverty,кедейлік
other,басқа
entry,кіру
fat,май
spending,шығыстар
king,патша
evaluate,бағалау
symbol,символ
still,қимылсыз
trade,сауда
mood,көңіл-күй
accomplish,орындау
emphasis,екпін
illustrate,суреттейді
boot,етік
monitor,монитор
entertainment,көңіл көтеру
bean,бұршақ
evaluation,бағалау
creature,жарату
commander,командир
digital,сандық
arrangement,ұйымдастыру
concentrate,шоғырлану
total,жалпы
usual,әдеттегі
anger,ашу
heavily,қатты
peak,шың
approximately,шамамен
increasing,арттыру
disorder,тәртіпсіздік
missile,снаряд
equally,бірдей
vary,өзгерту
wire,сым
round,дөңгелек
holy,қасиетті
ring,жүзік
twin,егіз
command,бұйрық
commission,комиссия
interpretation,түсінік беру
breakfast,таңғы ас
strongly,қатты
engineering,инженерлік
luck,бақыт
so-called,деп аталатын
constant,тұрақты
race,нәсіл
clinic,клиника
veteran,ардагер
smell,иіс
tablespoon,ас қасық
capable,қабілетті
nervous,жүйке
tourist,турист
light,жарық
toss,мақтыру
crucial,шешуші
bury,жерлеу
pray,сыйыну
tomato,қызанақ
exception,ерекшелік
butter,сары май
deficit,тапшылық
bathroom,жуынатын бөлме
objective,объективті
block,блок
electronic,электрондық
ally,одақтас
journey,саяхат
reputation,абырой
mixture,қоспа
surely,Күдіксіз
tower,мұнара
smoke,түтін
confront,бетпе-бет келу
pure,таза
glance,көз тастау
dimension,өлшем
toy,ойыншық
prisoner,тұтқын
fellow,сенімдегі
smooth,тегіс
nearby,жақын
peer,құрдас
shape,кескін
educator,ағартушы
relative,туыс
immigration,қоныс аудару
belt,белдік
teaspoon,шәй қасық
birthday,туған күні
perfectly,мінсіз
coast,жаға
supporter,жақтаушы
accompany,алып жүру
silver,күміс
teenager,жасөспірім
recognition,тану
retirement,зейнеткерлік
flag,жалау
recovery,қалпына келтіру
whisper,сыбыр
watch,сағат
corn,дән
moon,ай
inner,ішкі
junior,кіші
rather,тезірек
throat,көмей
salary,жалақы
swing,тербелу
observer,бақылаушы
due,байланысты
straight,Түзу
publication,басылым
pretty,әдемі
crop,өнім
dig,қазып алу
strike,ереуіл
permanent,тұрақты
plant,зауыт
phenomenon,құбылыс
anxiety,мазасыздану
wet,дымқыл
literally,әдеби
resist,қарсы тұру
embrace,қамту
supply,жабдықтау
assist,көмектесу
exhibition,көрме
construct,салу
viewer,көрермен
pan,кастрюля
consultant,кеңесші
soon,тез
line,түзу
administrator,әкімші
date,дата
occasionally,анда-санда
mayor,әкім
consideration,қарастыру
secure,қауіпсіз
pink,қызғылт
smoke,түтін
estimate,бағалау
historic,тарихи
poem,өлең
grandmother,әже
bind,буу
constantly,үнемі
enterprise,кәсіпорын
testing,тестілеу
stomach,асқазан
apparent,анық
weigh,өлшеу
install,орнату
sensitive,сезімтал
suggestion,ұсыныс
recipe,рецепт
reasonable,ақылға қонымды
preparation,дайындау
wooden,ағаш
elementary,бастауыш
concert,концерт
aggressive,басқыншылық
false,жалған
intention,ниет
channel,арна
extreme,төтенше
tube,түтік
drawing,сурет
protein,ақуыз
quit,тастау
absence,болмауы
roll,орам
rapidly,тез
jail,түрме
diversity,әртүрлілік
honest,адал
pace,қарқын
employment,жұмыс
impression,әсер
essay,шығарма
respondent,жауапкер
giant,алып
cake,торт
historian,тарихшы
negotiate,келіссөз жүргізу
restore,қалпына келтіру
substantial,елеулі
particular,ерекше
specialist,маман
origin,тегі
approval,мақұлдау
mine,менікі
quietly,тыныш
advise,ақыл беру
conventional,дәстүрлі
drop,тастау
count,санау
depth,тереңдік
wealth,байлық
disability,мүгедектік
general,жалпы
criticize,сынау
fast,жылдам
professional,кәсіби
effectively,тиімді
biological,биологиялық
pack,орау
onion,пияз
deputy,орынбасары
flat,жазық
brand,бренд
assure,сендіру
mad,жынды
award,марапаттау
dealer,дилер
via,арқылы
alternative,балама
utility,коммуналдық
precisely,дәл
arise,пайда
armed,қаруланған
highway,магистраль
clinical,клиникалық
routine,жоспарлы
schedule,кесте
wage,жалақы
normally,қалыпты
phrase,сөйлем
stake,үлес
fiber,талшық
activist,белсенді
snap,кезектен тыс
refugee,босқын
incorporate,енгізу
hip,сан
ultimate,соңғы
switch,қосқыш
corporation,корпорация
valuable,бағалы
assumption,жорамал
gear,жылдамдық
graduate,түлек
barrier,бөгет
provision,ереже
killer,өлтіруші
assign,тағайындау
gang,банда
developing,дамушы
classic,классикалық
chemical,химиялық
wave,толқын
label,заттаңба
teen,жасөспірім
index,көрсеткіш
vacation,демалыс
advocate,қорғау
draft,жоба
extraordinary,ерекше
heaven,аспан
rough,дөрекі
yell,айқайлау
pregnant,жүкті
distant,алыс
drama,драма
satellite,серік
personally,жеке
wonder,керемет
clock,сағат
ceiling,төбе
sweep,сыпыру
advertising,жарнама
universal,әмбебап
spin,айналдыру
house,үй
button,түйме
bell,қоңырау
rank,дәреже
darkness,қараңғыл
ahead,алда
clothing,киім
super,тамаша
yield,түсімділік
fence,дуал
paint,бояу
survival,тірі қалу
roughly,шамамен
lawsuit,процесс
bottom,түп
testimony,куәлік
bunch,байламы
beat,ұрыс
wind,жел
found,табылған
burden,ауыртпалығы
react,жауап
chamber,палата
furniture,жиһаз
cooperation,ынтымақтастық
string,жіп
ceremony,рәсім
communicate,қарым-қатынас
taste,дәм
cheek,бет
lost,жоғалған
mechanism,механизм
disagree,келіспеу
like,сияқты
penalty,айыппұл
resort,курорт
destruction,жою
bear,аю
unlikely,екіталай
tissue,майлық
stranger,бейтаныс
infection,инфекция
cabinet,шкаф
broken,сынған
apple,алма
proceed,жалғастыру
track,жол
literary,әдеби
stupid,ақымақ
dispute,дау
fortune,байлық
overcome,еңсеру
remarkable,тамаша
occupy,алып
shopping,сауда
encounter,кездесу
wipe,сүрту
initially,басында
blind,соқыр
white,ақ
port,порт
honor,ар
adviser,кеңесші
pay,төлеу
spokesman,өкілі
retain,ұстау
latter,соңғы
incentive,ынталандыру
slave,құл
translate,аудару
accurate,дәл
terror,қорқыныш
expansion,кеңею
dirt,балшық
odd,тақ
rice,күріш
bullet,оқ
tight,тығыз
chart,кесте
solar,күн
decline,құлдырау
process,процесс
square,шаршы
stick,таяқ
complicated,күрделі
gently,жұмсақ
reflection,шағылу
revolution,көтеріліс
strip,жолақ
interpret,аудару
friendly,жылы шырайлы
tournament,турнир
fiction,фантастика
detect,табу
balance,баланс
likely,мүмкін
tremendous,орасан зор
lifetime,өмір кезеңі
recommendation,ұсыныс
flow,ағын
market,базар
hunting,аңшылық
guarantee,кепілдік
innocent,адал
boundary,шекара
pause,кідірту
remote,алыстағы
satisfaction,қанағат
journal,журнал
bench,орындық
lover,әуесқой
raw,шикі
awareness,сана
surprising,таң-қаларлық
withdraw,алып тастау
general,жалпы
deck,палуба
similarly,сол сияқты
newly,жаңадан
pole,полюс
testify,куәландыру
mode,режим
dialogue,диалог
imply,тұспалдау
naturally,әрине
mutual,өзара
founder,негізін салушы
top,төбе
advanced,озат
pride,мақтаныш
dismiss,жұмыстан босату
aircraft,ұшақ
delivery,жеткізілім
mainly,негізінен
bake,пісірілу
freeze,тоңу
platform,платформа
finance,қаржы
sink,бату
attractive,тартымды
respect,құрмет
diverse,әр түрлі
relevant,орынды
ideal,тамаша
joy,қуаныш
worth,құны
regularly,жүйелі түрде
working,жұмыс
singer,әнші
evolve,даму
shooting,ату
partly,ішінара
unknown,белгісіз
assistant,ассистент
offense,қылмыс
counter,қарсы
smell,иіс
potentially,ықтимал
transfer,ауыстыру
thirty,отыз
justify,ақтау
protest,наразылық
crash,апат
craft,қолөнер
treaty,шарт
insight,көрегендік
possess,ие болу
politically,саяси
tap,кран
lie,өтірік
extensive,кең
episode,эпизод
double,қос
swim,жүзу
tire,шина
fault,кемшілік
loose,бос
free,Тегін
shortly,қысқаша
originally,алғаш
considerable,елеулі
prior,бұрынғы
intellectual,зияткерлік
mix,араластыру
assault,шабуыл
relax,босаңсу
stair,баспалдақ
adventure,оқиға
external,сыртқы
proof,дәлел
confident,сенімді
headquarters,штаб
sudden,кенет
dirty,лас
violation,бұзу
tongue,тіл
license,лицензия
hold,ұстау
shelter,баспана
rub,руб
controversy,дау
entrance,кіру
favorite,сүйікті
practice,практика
properly,дұрыс
fade,солу
defensive,қорғаныс
tragedy,трагедия
net,тор
characterize,сипаттау
funeral,жерлеу
profession,мамандық
alter,өзгерту
spot,дақ
constitute,құрайды
establishment,мекеме
squeeze,қысу
imagination,қиял
target,нысана
mask,маска
convert,түрлендіру
comprehensive,кешенді
prominent,көрнекті
presentation,таныстыру
regardless,қарамастан
easy,оңай
load,жүк
stable,тұрақты
introduction,кіріспе
appeal,апелляциялық
pretend,әдейі істеу
not,емес
elderly,егде
representation,көрсету
deer,бұғы
split,Сызат
violate,бұзу
partnership,серіктестік
pollution,ластау
emission,сәулелену
steady,тұрақты
vital,жанды
neither,де
fate,тағдыр
earnings,пайда
oven,пеш
distinction,айырма
segment,сегмент
nowhere,ешқайда
poet,ақын
mere,қарапайым
exciting,толқытатын
variation,өзгерту
comfort,жайлылық
radical,түбегейлі
stress,стресс
adapt,бейімделу
honey,бал
correspondent,тілші
pale,бозарған
musician,музыкант
significance,маңыз
load,жүк
round,дөңгелек
vessel,кеме
storage,сақтау
flee,жүгіру
leather,былғары
distribute,бөлу
evolution,эволюция
ill,ауру
tribe,тайпа
shelf,сөре
can,болады
grandfather,ата
lawn,көгал
buyer,сатып алушы
dining,асхана
wisdom,даналық
council,кеңес
vulnerable,осал
instance,дана
garlic,сарымсақ
capability,қабілеттілік
poetry,поэзия
celebrity,атақты
gradually,біртіндеп
stability,тұрақтылық
doubt,күмән
fantasy,қиял
scared,қорқып қалған
guide,гид
plot,сюжет
framework,құрастырылым
gesture,ым
depending,байланысты
ongoing,тұрақты
psychology,психология
since,содан бері
counselor,кеңесші
witness,куәгер
chapter,бөлім
fellow,дос
divorce,ажырасу
pipe,құбыр
athletic,спорт
slight,шамалы
math,математика
shade,көлеңке
tail,құйрық
sustain,қолдау
mount,аспаның
obligation,міндеттеме
angle,бұрыш
palm,алақан
differ,өзгеше
custom,әдет
store,қойма
economist,экономист
fifteen,он бес
soup,көже
celebration,мейрам
efficient,нәтижелі
damage,залал
composition,құрам
satisfy,қанағаттандыру
pile,баған
briefly,қысқаша
carbon,көміртегі
closer,жақын
consume,тұтыну
scheme,схема
crack,сызат
frequency,жиілік
tobacco,темекі
survivor,аман қалған
besides,одан басқа
wealthy,бай
galaxy,галактика
given,берілген
fund,қор
ski,шаңғы
limitation,шектеу
trace,ізі
appointment,тағайындау
preference,артықшылықты
meter,метр
explosion,жарылыс
arrest,тұтқындау
publicly,жария
incredible,таң қалдыратын
fighter,жойғыш
rapid,жылдам
admission,кіру
hunter,аңшы
educate,білім беру
painful,ауыртатын
friendship,достық
aide,көмекші
infant,нәресте
calculate,есептеп шығару
fifty,елу
rid,құтылу
porch,кіре беріс
tendency,үрдіс
uniform,форма
formation,қалыптастыру
scholarship,стипендия
reservation,резервация
efficiency,тиімділік
waste,жарату
qualify,жіктеле
derive,алып шығу
scandal,жанжал
helpful,пайдалы
impress,әсер ету
heel,өкше
resemble,ұқсау
privacy,құпиялылық
fabric,мата
surprise,тосын
contest,конкурс
proportion,пропорция
guideline,бағдары
rifle,винтовка
maintenance,ұстау
conviction,соттау
trick,қулық
organic,органикалық
tent,шатыр
examination,емтихан
publisher,баспагер
strengthen,күшейту
proposed,ұсынылған
myth,миф
sophisticated,талғампаз
cow,сиыр
etc,тағы басқа
asleep,ұйықтау
tennis,теннис
nerve,жүйке
barrel,бөшке
membership,мүшелік
ratio,қатынасы
menu,мәзір
purchase,сатып алу
controversial,даулы
desperate,үмітсіз
rate,ставка
lifestyle,өмір салты
humor,әзіл
loud,қатты
glove,қолғап
suspect,күдікті
sufficient,жеткілікті
narrative,әңгімелеу
helicopter,тікұшақ
modest,қарапайым
provider,провайдері
delay,кешіктіру
agricultural,ауыл шаруашылығы
explode,жарылу
stroke,инсульт
scope,көлем
punishment,жаза
handful,уыс
badly,нашар
horizon,көкжиек
curious,әуес
downtown,қала орталығы
girlfriend,дос қыз
prompt,шұғыл
request,өтініш
absorb,жұту
adjustment,реттеу
taxpayer,салық төлеуші
eager,ынталы
principal,басты
detailed,егжей-тегжейлі
motivation,дәлелдеу
assignment,тапсырма
restriction,шектеу
across,арқылы
laboratory,зертхана
workshop,шеберхана
differently,басқаша
romantic,романтикалық
cotton,мақта
motor,мотор
sue,сотқа беру
flavor,дәм
overlook,жоғарыдан қарау
float,жүзу
undergo,ұшырау
sequence,жүйе
demonstration,демонстрация
jet,реактивті қозғалтқыш
orange,апельсин
consumption,тұтыну
assert,бекіту
blade,жүзі
temporary,уақытша
medication,ем
print,басу
cabin,кабина
bite,тістеу
relative,туыс
edition,басылым
valley,аңғар
pitch,ұсыну
pine,қарағай
brilliant,тамаша
versus,қарсы
manufacture,өндіріс
complex,күрделі
absolute,абсолютті
chef,бас аспазшы
offensive,ренішті
suit,костюм
register,тіркеу
appoint,тағайындау
heritage,мұра
dominant,басым
successfully,сәтті
lemon,лимон
hungry,аш
sense,сезім
dry,құрғақ
wander,кезу
submit,ұсынуға
naked,жалаңаш
anticipate,болжау
nut,жаңғақ
legacy,мұра
extension,кеңейту
shrug,иық көтеру
fly,шыбын
arrival,келу
legitimate,заңды
orientation,бағдар
inflation,инфляция
cope,жеңе
flame,жалын
cluster,кластерлік
host,хост
wound,жарақат
dependent,тәуелді
shower,душ
depict,бейнелеу
flesh,тән
operator,оператор
instructor,нұсқаушы
collapse,күйреу
borrow,қарызға алу
furthermore,сонымен қатар
comedy,комедия
mortgage,ипотека
civilian,азаматтық
weekly,апта сайын
habitat,тіршілік ортасы
grain,дән
brush,щетка
consciousness,сана
devote,арнау
crack,сызат
measurement,өлшем
ease,жеңілдік
seize,ұстау
permission,рұқсат
wise,дана
actress,актриса
acid,қышқыл
odds,соншалықты
gifted,дарынды
frustration,жабығу
medium,орта
function,функция
physically,физикалық
grant,грант
distinguish,айыру
shore,жаға
repeatedly,бірнеше рет
lung,өкпе
firm,қатты
running,жүгіру
correct,дұрыс
distinct,айқын
artistic,көркем
basket,кәрзеңке
fighting,жауынгерлік
impressive,әсерлі
competitor,бәсекелес
ugly,ұсқынсыз
worried,абыржыған
portray,бейнелеу
powder,ұнтақ
ghost,аруақ
persuade,сендіру
moderate,ұстамды
subsequent,кейінгі
continued,жалғастырды
cookie,піспенан
carrier,тасымалдаушы
cooking,пісіру
frequent,жиі
ban,тыйым салу
swing,тербелу
awful,қорқынышты
admire,сүйсіну
pet,үй жануары
miracle,керемет
exceed,асу
rhythm,ырғақ
widespread,кең таралған
killing,өлтіру
lovely,сүйкімді
sin,күнә
charity,қайырымдылық
script,сценарий
identification,сәйкестендіру
transformation,түрлендіру
everyday,күн сайын
headline,тақырып
venture,кәсіпорын
invasion,басып кіру
military,әскери
nonetheless,cоған қарамастан
adequate,барабар
piano,пианино
grocery,азық-түлік
intensity,қарқындылық
exhibit,экспонат
high,биік
blanket,көрпе
margin,маржа
principal,басты
mouse,тышқан
rope,арқан
concrete,бетон
prescription,рецепт
chase,қуу
document,құжат
brick,кірпіш
recruit,жаңа шақырылған
patch,жамау
horror,қорқыныш
recording,жазба
changing,өзгерту
painter,суретші
hay,пішен
gaze,қадалған көзқарас
courage,батылдық
pregnancy,жүктілік
swear,ұрысу
defeat,жеңіліс
clue,кілт
reinforce,нығайту
win,жеңу
confusion,шатастыру
slice,тілім
occupation,кәсіп
dear,құрметті
coal,көмір
sacred,қасиетті
criminal,қылмыскер
cognitive,танымдық
collective,ұжымдық
exact,дәл
uncle,аға
square,шаршы
captain,капитан
sigh,вздох
attribute,атрибут
dare,батылы
homeless,үйсіз
cool,салқын
gallery,галерея
soccer,футбол
defendant,жауапкер
lap,тізе
grave,мола
toe,бақай
container,контейнер
virtue,ізгілік
abroad,шетелде
architect,сәулетші
dramatically,күрт
makeup,татуласу
inquiry,сұрақ
surprisingly,таңқаларлық
highlight,бөлектеу
decrease,азаю
indication,нұсқау
rail,рельс
anniversary,жылдық
couch,кушетка
alliance,одақ
hypothesis,гипотеза
boyfriend,дос
compose,құрайды
peer,үңілу
mess,беспорядок
rank,дәреже
legend,аңыз
regulate,реттеу
adolescent,жасөспірім
shine,жылтыр
upset,ренішті
remark,ескерту
resign,бас тарту
reward,сыйақы
gentle,жұмсақ
related,байланысты
lightly,жеңіл-желпі
concerning,туралы
invent,ойлап табу
laughter,күлкі
fit,қиыстыру
counseling,кеңес беру
tight,тығыз
receiver,қабылдағыш
ritual,салттық
insect,жәндік
interrupt,сөзін үзу
salmon,ақсерке
trading,сауда-саттық
concern,қамқорлық
magic,сиқыр
superior,жоғары
combat,ұрыс
stem,сабақ
surgeon,хирург
acceptable,жарамды
physics,физика
rape,зорлау
counsel,кеңес
brush,щетка
hunt,аңшылық
continuous,үздіксіз
log,журнал
echo,жаңғырық
pill,пилюля
excited,толқыған
sculpture,скульптура
compound,күрделі
integrate,бірігу
flour,ұн
bitter,ащы
bare,жалаңаш
slope,баурайы
rent,жалға алу
subtle,нәзік
greatly,айтарлықтай
bishop,епископ
drinking,ауыз
delay,кешіктіру
cry,жылау
acceptance,қабылдап алу
shop,дүкен
pump,насос
candy,тәтті тағамдар
evil,жауыз
final,соңғы
finance,қаржы
pleased,риза
medal,медаль
beg,қайыр сұрау
sponsor,демеуші
ethical,этикалық
secondary,орта
slam,қол шапалақтау
export,экспорт
melt,жібу
midnight,түн ортасы
curve,қисық
integrity,бүтіндік
entitle,атау
evident,айқын
logic,логика
essence,мән
exclude,шығару
harsh,ауыр
closet,қабырға шкафы
suburban,қала маңындағы
greet,амандасу
favor,сыпайылық
interior,интерьер
murder,өлтіру
retail,бөлшек сауда
pitcher,құмыра
march,наурыз
snake,жылан
excuse,ақтау
cross,крест
weakness,әлсіздік
pig,шошқа
cold,суық
estimated,бағалау
T-shirt,Футболка
online,желіде
unemployment,жұмыссыздық
civilization,өркениет
fold,жию
patient,пациент
daily,күн сайын
reverse,кері
missing,жоқ болу
correlation,к арақатынастылық
humanity,адамзат
flash,жарқыл
developer,әзірлеуші
reliable,сенімді
excitement,қозу
beef,сиыр еті
stretch,созу
architecture,сәулет
occasional,кездейсоқ
administrative,әкімшілік
elbow,шынтақ
deadly,өлтіретін
allegation,бекіту
tip,кеңес
confuse,шатастыру
airplane,ұшақ
monthly,ай сайын
duck,үйрек
dose,доза
plead,сілтеме жасау
initiate,бастамашылық
lecture,лекция
van,фургон
bay,шығанақ
mainstream,негізгі
suburb,қаланың шеті
sandwich,бутерброд
unlike,ұқсас емес
trunk,сандық
rumor,сыбыс
implementation,іске асыру
swallow,жұту
motivate,түрткі болу
render,көрсету
longtime,ұзақ уақыт
trap,тұзақ
restrict,шектеу
cloth,мата
legislative,заңнамалық
enforce,мәжбүрлеу
lens,линза
reach,жету
inspector,инспектор
lend,қарыз беру
plain,анық
fraud,алдау
companion,жолдас
contend,мазмұны
nail,шеге
array,массив
strict,қатал
assemble,жиналу
frankly,шынын айтқанда
rat,егеуқұйрық
burst,жарылыс
hallway,кіреберіс
cave,үңгір
inevitable,шарасыз
southwest,шығысы
monster,құбыжық
speed,жылдамдық
protest,наразылық
unexpected,күтпеген
obstacle,тосқауыл
facilitate,жеңілдету
encounter,кездесу
herb,шөп
overwhelming,басым
recession,тереңдеу
wish,тілек
written,жазбаша
motive,себеп
label,заттаңба
flood,тасқын
pen,қалам
ownership,меншік
nightmare,бастығырылу
notice,ескерту
inspection,тексеру
supervisor,жетекшісі
consult,кеңесу
arena,арена
laugh,күлкі
diagnosis,диагноз
possession,ие болу
forgive,кешіру
warm,жылы
consistently,дәйекті
basement,төле
project,жоба
drift,дрейф
drain,құрғату
last,соңғы
prosecution,айыптау
announcement,хабарландыру
warrior,жауынгер
prediction,болжау
questionnaire,сауалнама
mud,балшық
hurry,асығу
privilege,артықшылық
temple,храм
medium,орта
outdoor,ашық
broadcast,хабар
leap,секіру
random,кездейсоқ
past,өткен
wrist,білек
curtain,перде
monitor,монитор
pond,тоған
domain,домен
guilt,айып
cattle,мал
subject,пән
walking,жаяу
skirt,юбка
dump,қоқыс орны
hence,демек
database,дерекқор
uncomfortable,ыңғайсыз
aim,мақсаты
execute,орындау
limb,аяқ-қол
ideology,идеология
average,орташа
tune,әуен
continuing,жалғастыру
harm,зиян
railroad,темір жол
endure,төтеп
horn,мүйз
chronic,созылмалы
peaceful,бейбіт
innovation,жаңалық
strain,штамм
guitar,гитара
replacement,ауыстыру
behave,өзін өзі ұстау
administer,басқару
simultaneously,бір мезгілде
dancer,биші
amendment,түзету
guard,күзетші
pad,жастық
await,күту
retired,жұмыстан мүлдем босаған
spill,төгу
grateful,риза
grace,әсемдік
virtual,виртуалды
response,жауап
colony,отар
adoption,асырап алу
slide,сырғанау
indigenous,байырғы
closed,жабық
convict,сотталған
towel,орамал
modify,түрлендіру
particle,бөлшек
award,марапаттау
glance,көз тастау
prize,жүлде
landing,қону
conduct,мінез-құлық
blue,көк
boost,ұлғайту
bat,жарғанат
alarm,дабыл
festival,мереке
grip,қысу
weird,түсініксіз
undermine,бұзу
sweat,тер
outer,сыртқы
drunk,мас
survey,тексеру
research,зерттеу
separation,бөліну
traditionally,дәстүрлі
stuff,материал
govern,басқару
southeast,шығысы
intelligent,ақылды
wherever,қай жерде
ballot,дауыс беру
rhetoric,риторика
convinced,сенімдіміз
driving,жүргізуші
accommodate,орналастыру
praise,мақтау
injure,зиян келтіру
wilderness,шөл
nearby,жақын
endless,шексіз
mandate,мандаты
pause,кідірту
excuse,ақтау
respectively,тиісінше
uncertainty,белгісіздік
chaos,былық
short,қысқа
canvas,кенеп
matter,мәселе
lobby,вестибюль
profound,терең
format,формат
trait,сызық
currency,валюта
beam,бөрене
abuse,теріс
astronomer,астрономы
corruption,жемқорлық
contractor,мердігер
apologize,кешірім сұрау
doctrine,ілім
genuine,түпнұсқа
thumb,бас бармақ
unity,бірлік
compromise,ымыраға келу
horrible,қорқынышты
behavioral,мінез-құлық
exclusive,ерекше
scatter,шашылу
commonly,әдетте
convey,тасымалдау
rush,асығу
twist,бұрау
complexity,күрделілігі
fork,шанышқы
disk,диск
relieve,босату
suspicion,күдік
lock,құлыптау
finish,мәре
residence,тұру
shame,ұят
meaningful,маңызды
sidewalk,тротуар
signature,қол
pleasant,жағымды
suspend,тоқтата тұру
rebel,көтерілісші
frozen,мұздатылған
desire,тілек
spouse,жұбай
fluid,сұйық
pension,зейнетақы
resume,түйіндеме
sodium,натрий
blow,үрлеу
promotion,жарнама
delicate,сыпайы
forehead,маңдай
rebuild,қайта салу
bounce,секіру
hook,ілгек
traveler,саяхатшы
click,басу
compensation,өтемақы
signal,сигнал
exit,шығу
attraction,тартымдылық
dedicate,арнау
altogether,мүлде
pickup,алу
carve,кесу
needle,ине
belly,іш
ship,кеме
scare,қорқыту
portfolio,портфелі
shuttle,автобусы
invisible,көзге көрінбейтін
engagement,атастыру
ankle,жіліншік
transaction,мәміле
rescue,құтқару
historically,тарихи
firmly,берік
mild,жұмсақ
rider,шабандозы
doll,қуыршақ
noon,талтүс
identical,бірдей
precise,дәл
anxious,мазасыз
structural,құрылымдық
residential,тұрғылықты
loud,қатты
diagnose,диагноз қою
carbohydrate,көмірсулар
liberty,бостандық
poster,афиша
nonprofit,коммерциялық емес
crawl,жорғалау
oxygen,оттегі
handsome,әдемі
magic,сиқыр
sum,сома
provided,қамтамасыз
businessman,бизнесмен
promising,перспективалы
conscious,саналы
determination,анықтау
hers,оған тиесілі
bite,тістеу
frame,рама
evil,жауыз
acquisition,алу
pit,шұңқыр
hug,құшақ
wildlife,табиғат
punish,жазалау
giant,алып
primary,негізгі
equity,үлестік
wrong,қате
doorway,ойықтарына
departure,кету
elevator,жеделсаты
teenage,жасөспірім
guidance,нұсқау
happiness,бақыт
statue,ескерткіш
pursuit,қудалау
repair,жөндеу
decent,лайықты
gym,спорт зал
oral,ауызша
clerk,қызметкер
envelope,конверт
reporting,есеп
destination,тағайындалған орын
fist,жұдырық
endorse,қолдау
exploration,зерттеу
generous,жомарт
bath,ванна
rescue,құтқару
overall,жалпы
indicator,көрсеткіш
sunlight,күн сәулесі
feedback,кері байланыс
purple,күлгін
laser,лазерлік
bold,батыл
reluctant,зауықсыз
starting,бастап
expertise,сараптама
practically,іс жүзінде
program,бағдарлама
picture,сурет
tune,әуен
eating,тамақтану
age,жас
hint,тұспал
sharply,күрт
parade,шеру
realm,аймақ
strip,жолақ
cancel,болдырмау
blend,араластыру
slice,тілім
peel,қабық
recipient,алушы
hesitate,күдіктену
flip,аударылып түсу
accounting,бухгалтерлік есеп
bias,тартылысы
huh,иә
metaphor,метафора
candle,шырақ
handle,тұтқа
worry,тынышсыздық
judicial,сот
entity,кәсіпорын
suffering,ауыратын
full-time,толық уақыт
feel,сезу
lamp,шам
garbage,қоқыс
servant,қызметші
addition,қосу
regulatory, реттеуші
elegant,сырбаз
inside,ішінде
reception,қабылдау
vanish,жоғалып кету
automatically,автоматты түрде
chin,иек
trail,соқпақ
necessity,қажеттілік
confess,мойындау
racism,нәсілшілдік
interior,интерьер
casual,әдеттегі
gravity,ауырлық күші
enroll,жазылу
diminish,азайту
prevention,болдырмау
value,құн
minimize,азайту
chop,шабу
performer,орындаушы
intent,ниет
isolate,оқшаулау
pump,насос
inventory,түгендеу
productive,өнімді
assembly,жиналыс
civic,азаматтық
silk,жібек
steep,тік
hostage,аманат
collector,жинаушы
popularity,Әйгілі
alien,бөтен
scary,қорқынышты
equation,теңдеу
angel,періште
switch,қосқыш
offering,тартулары
rage,ашу
photography,фотосурет
repair,жөндеу
disappointed,көңілі қалған
precious,қымбат бағалы
prohibit,тыйым салу
representative,өкіл
content,мазмұны
realistic,шынайы
hidden,жасырын
command,бұйрық
tender,нәзік
wake,ояту
gathering,жиналыс
outstanding,көрнекті
stumble,мүдіру
lonely,жалғыз
automobile,автомобиль
artificial,жасанды
dawn,таңсәрі
abstract,дерексіз
silly,ақымақ
hook,ілгек
tide,судың көтерілуі
shared,ортақ
hopefully,үмітпен
readily,оңай
cooperate,ынтымақтасу
romance,романтика
hardware,аппараттық
pillow,жастық
kit,жинағы
cook,аспаз
spread,тарату
continent,құрылық
seal,мөр
circuit,тұйықталу
sink,бату
shortage,жетіспеушілік
annually,жыл сайын
lately,соңғы уақытта
trap,тұзақ
scan,сканерлеу
fool,ақымақ
deadline,мерзімі
rear,артқы
processing,өңдеу
coastal,жағалау
undertake,әрекет қылу
softly,жұмсақ
burning,жағу
verbal,ауызша
tribal,асыл тұқымды
ridiculous,күлкілі
automatic,автоматтық
diamond,алмас
credibility,ақиқатқа жақын
import,импорт
spring,көктем
way,жол
divine,діни
sentiment,сезім
cart,арба
oversee,қадағалау
stem,сабақ
elder,үлкен
inspiration,шабыт
quantity,сан
trailer,тіркеме
mate,дос
genius,данышпан
monument,ескерткіш
bid,ұсыныс
quest,іздену
sacrifice,құрбан ету
invitation,шақыру
accuracy,дәлдік
officially,ресми
broker,делдал
treasure,қазына
loyalty,сенімділік
credit,несие
shock,шок
talented,дарынды
gasoline,бензин
stiff,қатты
output,қорытынды
extended,кеңейтілген
please,өтінемін
diabetes,диабет
slap,шапалақтау
toxic,уытты
alleged,болжамды
jaw,жақ
grief,қайғы
mysterious,сырлы
rocket,зымыран
donate,сыйлау
inmate,тұтқын
tackle,шешу
bow,садақ
ours,біздікі
senior,үлкен
dignity,абырой
carpet,кілем
parental,ата-ана
bubble,көпіршік
heat,ыстық
buddy,Досына
barn,қамба
sword,семсер
flash,жарқыл
glory,даңқ
tightly,тығыз
protective,қорғаушы
drum,барабан
faint,құқыл
post,кейінгі
queen,ханым
dilemma,дилемма
input,енгізу
specialize,мамандану
shallow,таяз
liability,жауапкершілік
sail,жүзу
merchant,көпес
stadium,стадион
improved,жақсартылған
bloody,қанды
defeat,жеңіліс
associated,байланысты
withdrawal,алып қою
refrigerator,тоңазытқыш
nest,ұя
near,жақын
thoroughly,мұқият
lane,тар жол
ancestor,арғы ата
condemn,кінәлау
steam,бу
accent,екпін
escape,қашу
unite,бірлестіру
cage,қапас
equip,жабдықтау
shrimp,асшаян
homeland,отаны
exchange,айырбастау
rack,тартпа
costume,костюм
wolf,қасқыр
courtroom,сот залы
statute,жарғы
cartoon,мультфильм
besides,одан басқа
productivity,өнімділік
grin,мысқылдау
symbolic,рәміздік
seal,мөр
bug,қате
bless,бата беру
aunt,тәте
agriculture,Ауыл шаруашылығы
rock,рок
hostile,жау
root,түбір
conceive,ойлау
combined,аралас
instantly,дереу
vaccine,вакцина
bonus,сыйақы
collaboration,бірлесіп жұмыс істеу
mixed,аралас
opposed,қарсы
grasp,мықтап ұстау
patience,төзім
spite,қарамастан
voting,дауыс беру
patrol,күзет
willingness,әзірлік
position,лауазым
revelation,ашу
rent,жалға алу
calm,байсалды
jewelry,зергерлік
haul,созу
concede,көну
trace,ізі
afterward,содан кейін
spectacular,әсерлі
ruin,күйреген
sheer,мөлдір
prior,бұрынғы
reliability,сенімділік
alongside,қатар
bush,бұта
fascinating,сүйкімді
secure,қауіпсіз
clip,клип
thigh,жамбас
bull,бұқа
regard,қатысты
sheep,қой
discourage,есін шығару
coordinator,үйлестірушісі
secular,зайырлы
intimate,жақын
empire,империя
cab,такси
divorce,ажырасу
exam,емтихан
documentary,деректі
neutral,бейтарап
flexible,икемді
conspiracy,астыртын әрекет
catch,ұстап алу
casualty,жаралы
execution,орындау
terrific,сұмдық
whale,кит
star,жұлдыз
teammate,командалас
aluminum,алюминий
whoever,кім болмасын
verdict,үкім
instruct,нұсқау беру
skull,бас сүйек
self-esteem,өзін-өзі бағалау
ease,жеңілдік
manipulate,айлалы
bee,ара
loop,цикл
edit,редакциялау
whip,қамшы
puzzle,жұмбақ
mushroom,саңырауқұлақ
boil,қайнату
tragic,қайғылы
jar,банка
respect,құрмет
earthquake,жер сілкінісі
pork,шошқа еті
creativity,шығармашылық
safely,қауіпсіз
sympathy,жаны ашу
fisherman,балықшы
incredibly,керемет
isolation,оқшаулау
sock,кию
near,жақын
jump,секіру
entrepreneur,кәсіпкер
seat,орын
workplace,жұмыс орны
ambition,арман
utilize,пайдалану
breeze,самал
costly,қымбат
ambitious,өршіл
presumably,болжам
influential,ықпалды
translation,аударма
uncertain,сенімсіз
dissolve,еру
object,зат
gut,ішек
metropolitan,елордалық
rolling,жылжымалы
spell,үшкіру
insert,қондыру
booth,стенд
helmet,дулыға
waist,бел
expected,болжалды
lion,арыстан
accomplishment,аяқтау
royal,корольдық
panic,үрей
cast,бросать
crush,жангу
actively,белсенді
cliff,құз
cord,бау
fortunately,бақытына қарай
illusion,иллюзия
tolerate,шыдау
appreciation,ризашылық
harm,зиян
flexibility,икемділік
scramble,күрес
tumor,ісік
decorate,безендіру
sort,сорт
charge,төлем
pulse,импульстік
equivalent,тең
fixed,тұрақты
experienced,тәжірибелі
donation,қайырымдылық
diary,күнделік
sibling,туыс
irony,ирония
spoon,қасық
upset,ренішті
interact,өзара іс-қимыл
soap,сабын
cute,сүйкімді
rival,бақталас
short-term,қысқа мерзімді
punch,соққы
pin,түйреуіш
passing,өту
persist,тайсалмау
supplier,жеткізуші
known,белгілі
momentum,импульс
purse,әмиян
shed,сарай
liquid,сұйық
icon,белгішесі
elephant,піл
consequently,демек
legislature,заң шығарушы мекеме
associate,әріптес
franchise,франшиза
correctly,дұрыс
mentally,психикалық
bicycle,велосипед
encouraging,жігерлендірерлік
cheat,арамдық жасау
access,қол
heal,емдеу
fever,безгек
filter,фильтр
rabbit,қоян
coin,монета
exploit,пайдалануға
accessible,қол жетерлік
organism,ағза
sensation,таң қаларлық оқиға
partially,ішінара
stay,қалу
dried,кептірілген
conservation,сақтау
shove,итеру
backyard,аула
charter,жалдау
stove,пеш
consent,келісім
comprise,құрайды
reminder,еске салғыш
alike,ұқсас
placement,орналастыру
dough,қамыр
grandchild,немере
dam,бөгет
surrounding,қоршаған
ecological,экологиялық
outfit,киім
unprecedented,бұрын-соңды болмаған
columnist,шолушы
workout,машықтану
preliminary,алдын-ала
patent,патент
shy,ұялшақ
quote,цитата
trash,қоқыс
gross,жалпы
counter,қарсы
pencil,қарындаш
associate,әріптес
frontier,шекара
spray,бүрку
disclose,ашу
custody,қорғаншылық
beast,жануар
interfere,араласу
oak,емен
case,жағдай
notebook,дәптер
outline,құрылым
gaze,көзқарас
attendance,бару
speculation,саудагерлік
uncover,ашу
innovative,жаңашыл
shark,акула
reward,сыйақы
mill,диірмен
installation,орнату
stimulate,ынталандыру
vertical,тік
swimming,жүзу
fleet,флот
outsider,бөтен
sacrifice,құрбан ету
stance,позиция
compel,мәжбүрлеу
sensitivity,сезімталдық
instant,лезде
proclaim,жариялау
worldwide,бүкіл әлемдiк
hike,жорық
required,қажет
colorful,түсті
ideal,тамаша
trainer,жаттықтырушы
scent,хош иіс
stack,үйме
eyebrow,қас
sack,қап
cease,тоқтату
inherit,мұра
tray,науа
textbook,оқулық
nasty,жағымсыз
shrink,отыру
emerging,дамушы
dot,нүкте
wheat,бидай
fierce,қатал
envision,елестету
rational,дұрыс
kingdom,патшалық
aisle,қатар
weaken,әлсіреу
protocol,хаттама
unfair,әділетсіз
terrain,жер
deploy,жаю
risky,тәуекелді
pasta,макарон
genre,жанр
distract,алаңдату
merit,қызмет
planner,жоспарлаушы
chunk,тілім
closest,жақын
discount,жеңілдік
ladder,саты
jungle,джунгли
migration,көші-қон
breathing,тыныс алу
invade,басып кіру
hurricane,дауыл
retailer,бөлшек саудашы
classify,сыныптау
wound,жарақат
coup,төңкеріс
aid,көмек
ambassador,елші
density,тығыздық
supportive,қолдау
curiosity,қызығушылық
skip,өткізіп жіберу
stimulus,ынталандыру
flood,тасқын
dip,батыру
likewise,сияқты
informal,ресми емес
feather,қаламұш
sphere,сала
tighten,тарту
boast,мақтану
sole,табан
publicity,жарнама
unfold,жайылған
joke,әзіл-қалжың
validity,қолданылу
strictly,қатаң
partial,ішінара
collar,жаға
weed,арам шөп
streak,жолақ
supposedly,шамамен
added,қосылған
builder,құрылысшы
premise,алғышарты
specialty,мамандық
deem,санау
sneak,тасаланып бару
mentor,тәлімгер
listener,тыңдаушы
lightning,найзағай
legally,заңды
sleeve,жең
disappointment,көңіл қалу
disturb,мазалау
rib,қабырға
excessive,шектен тыс
high-tech,жоғары технология
debris,сынық
pile,бағана
ash,күл
socially,әлеуметтік
parish,приход
slavery,құлдық
blank,бос
commodity,тауар
cure,емдеу
hunger,аштық
developmental,даму
faster,тезірек
spare,қосалқы
halfway,жарты жолда
cure,емдеу
equality,теңдік
cemetery,зират
harassment,құдалау
deliberately,әдейі
fame,даңқ
regret,өкініш
striking,жарқын
likelihood,ықтималдығы
carrot,сәбіз
toll,жол салығы
rim,шеңбер
embarrassed,ыңғайсыз
cling,жабысу
isolated,оқшауланған
blink,жыпылықтау
suspicious,күдікті
wheelchair,мүгедек креслосы
squad,команда
eligible,құқығы бар
plunge,тап болу
sponsor,демеуші
grin,мысқылдау
color,түс
rain,жаңбыр
chill,салқындату
refuge,пана
steer,түзету
legislator,заң
rally,ралли
programming,бағдарламалау
cheer,дем беру
outlet,розетка
intact,тұтас
vendor,жеткізуші
thrive,гүлдену
peanut,жер жаңғағы
chew,шайнау
elaborate,әзірлеу
intellectual,зияткерлік
conception,түсінік
comply,орындау
shareholder,акционер
comparable,салыстырмалы
transport,көлік
conscience,ар
calculation,есептеу
considerably,елеулі
interval,аралық
scratch,тырнау
awake,ояу
inevitably,сөзсіз
constraint,шектеу
allegedly,секілді
compromise,ымыраға келу
strain,кернеу
similarity,ұқсастық
lid,қақпақ
dumb,мылқау
bulk,сусымалы
sprinkle,себу
mortality,өлім-жітім
conversion,түрлендіру
patron,қамқоршы
municipal,коммуналдық
any,кез келген
liver,бауыр
harmony,үйлесім
solely,тек қана
tolerance,төзімділік
instant,лезде
goat,ешкі
arm,қол
blessing,бата
banana,банан
running,жүгіру
palace,сарай
formerly,бұрын
peasant,шаруа
neat,ұқыпты
lawmaker,депутат
cruise,круиз
mobile,жылжымалы
plain,анық
part,бөлім
calendar,күнтізбе
widow,жесір әйел
deposit,салым
beard,сақал
brake,тежегіш
impulse,түрткі
forbid,тыйым салу
fur,мех
brutal,қатыгез
predator,жыртқыш
poke,келемеждеу
opt,бас тарту
voluntary,ерікті
trouble,қиыншылық
valid,заңды
dancing,би
happily,бақытты
soar,қалықтап
removal,жою
enact,қабылдау
round,дөңгелек
thread,жіп
light,жарық
landmark,бағдар
unhappy,бақытсыз
offender,қылмыскер
coming,алдағы
privately,жеке
distinctive,ерекше
tourism,туризм
threshold,табалдырық
calm,байсалды
routinely,әдетте
suite,люкс
remark,ескерту
regulator,реттеуші
straw,сабан
apart,бөлек
exhaust,бітіру
fragile,сынғыш
objection,қарсы болу
chemistry,химия
old-fashioned,ескірген
crowded,лық толған
circle,шеңбер
blast,жарылыс
prevail,басым
overnight,түнгі
denial,мойындамау
fantastic,ғажайып
level,деңгей
screw,винт
warmth,жылу
undergraduate,бакалавриат
liquid,сұйық
headache,бас ауру
projection,болжам
battle,шайқас
suitable,жарамды
mention,еске алу
graduation,бітіру
drill,бұрғылау
cruel,қатыгез
mansion,көп бөлмелі үлкен үй
regard,қатысты
grape,жүзім
authorize,рұқсат ету
driveway,үлкен жол
charm,әсерлілік
loyal,адал
clay,балшық
pound,қадақ
balloon,әуе шары
invention,өнертабыс
fare,жолақы
homework,үй жұмысы
sofa,диван
guarantee,кепілдік
availability,болуы
radar,радар
frown,тұнжырау
regain,қайта алу
leave,қалдыру
permit,рұқсат ету
sweater,свитер
rehabilitation,оңалту
rubber,резеңке
retreat,шегіну
freely,еркін
favorable,қолайлы
steadily,тұрақты
veteran,ардагер
integrated,кешенді
youngster,жасөспірім
broadcast,хабар
premium,сыйақы
accountability,есеп
overwhelm,қирату
contemplate,толғану
update,жаңарту
spark,ұшқын
fatigue,қажу
beyond,ар жағында
speculate,ойлану
low,төмен
preach,уағыздау
bucket,шелек
bomb,бомба
blond,аққұба
confession,мойындау
provoke,арандату
marble,мәрмәр
substantially,айтарлықтай
defender,қорғаушы
fish,балық
explicit,айқын
transport,көлік
disturbing,үрейлі
surveillance,қадағалау
mutter,мыңқылдау
devastating,жойқын
depart,кету
arrow,жебе
trauma,жарақат
neighbour,көрші
soak,сулау
ribbon,таспа
meantime,бұл арада
transmit,беру
screen,экран
harvest,егін
consecutive,қатарынан
coordinate,үйлестіру
within,ішінде
spy,шпион
slot,ұя
riot,бүлік
nutrient,қоректік
citizenship,азаматтық
severely,қатаң
sovereignty,егемендіr
ridge,жота
brave,ержүрек
lighting,жарықтандыру
specify,көрсетіңіз
contributor,салымшы
frustrate,жабығу
crowd,тобыр
dense,тығыз
sunny,бұлтты
shorts,шорт
swell,ісу
accusation,айыптау
soften,жұмсарту
straighten,түзету
terribly,өте жаман
sudden,кенет
bride,қалыңдық
biography,өмірбаян
hazard,қауіптілік
compelling,нанымды
seldom,сирек
tile,кафель
honestly,адал
bow,садақ
foreigner,шетелдік
launch,ұшыру
convenience,қолайлылық
delight,шаттыққа
weave,тоқу
timber,ағаш материалдар
till,дейін
accurately,дәл
plea,өтініш
bulb,шам
copy,көшірме
flying,ұшатын
sustainable,тұрақты
devil,шайтан
bolt,болт
cargo,жүк
spine,омыртқа
seller,сатушы
skilled,білікті
managing,басқару
public,қоғамдық
marine,теңіз
dock,док
organized,ұйымдастырылған
fog,тұман
diplomat,дипломат
boring,іш пыстыратын
sometime,кейде
summary,қысқаша мазмұндама
fatal,қауіпті
trim,әрлеу
warehouse,қойма
accelerate,жеделдету
butterfly,көбелек
bronze,қола
drown,бату
inherent,тән
praise,мақтау
nationwide,жалпыұлттық
spit,түкіру
harvest,егін
kneel,тізерлеу
selected,таңдалған
dictate,айтып жаздыру
laundry,кір
manual,басшылық
pistol,пистолет
naval,теңіз
plaintiff,талапкер
kid,бала
apology,кешірім
till,дейін
